[
  {
    "id": 1,
    "text": "Mi a helyes DOCTYPE sor modern HTML5 dokumentumban?",
    "optionA": "<!DOCTYPE html>",
    "optionB": "<!DOCTYPE HTML5>",
    "optionC": "<!DOCTYPE>",
    "optionD": "<!doctype html public>",
    "correct": "<!DOCTYPE html>"
  },
  {
    "id": 2,
    "text": "Melyik attribútum adja meg a hivatkozás célját <a> elemnél?",
    "optionA": "href",
    "optionB": "src",
    "optionC": "alt",
    "optionD": "action",
    "correct": "href"
  },
  {
    "id": 3,
    "text": "Melyik elem szemantikus tartalmi blokkot jelöl?",
    "optionA": "<section>",
    "optionB": "<b>",
    "optionC": "<i>",
    "optionD": "<br>",
    "correct": "<section>"
  },
  {
    "id": 4,
    "text": "Melyik attribútum kötelezően ajánlott az <img> elemnél akadálymentességhez?",
    "optionA": "alt",
    "optionB": "href",
    "optionC": "value",
    "optionD": "name",
    "correct": "alt"
  },
  {
    "id": 5,
    "text": "Melyik páros jelöl listát és számozott listát?",
    "optionA": "<ul> és <ol>",
    "optionB": "<list> és <num>",
    "optionC": "<dl> és <dt>",
    "optionD": "<div> és <span>",
    "correct": "<ul> és <ol>"
  },
  {
    "id": 6,
    "text": "Melyik meta elem állítja be a karakterkódolást UTF-8-ra?",
    "optionA": "<meta charset=\"UTF-8\">",
    "optionB": "<meta http-equiv=\"content-type\" value=\"utf8\">",
    "optionC": "<charset utf8>",
    "optionD": "<meta name=\"charset\" content=\"UTF-8\">",
    "correct": "<meta charset=\"UTF-8\">"
  },
  {
    "id": 7,
    "text": "Melyik elem blokkszintű a felsoroltak közül?",
    "optionA": "<div>",
    "optionB": "<span>",
    "optionC": "<a>",
    "optionD": "<strong>",
    "correct": "<div>"
  },
  {
    "id": 8,
    "text": "Űrlap elküldésekor melyik attribútum határozza meg a HTTP módszert?",
    "optionA": "method",
    "optionB": "action",
    "optionC": "type",
    "optionD": "name",
    "correct": "method"
  },
  {
    "id": 9,
    "text": "Táblázat fejléc celláját melyik elem jelöli?",
    "optionA": "<th>",
    "optionB": "<td>",
    "optionC": "<tr>",
    "optionD": "<thead>",
    "correct": "<th>"
  },
  {
    "id": 10,
    "text": "Melyik elem jelöli az oldal láblécét szemantikusan?",
    "optionA": "<footer>",
    "optionB": "<bottom>",
    "optionC": "<end>",
    "optionD": "<section>",
    "correct": "<footer>"
  }
]
