[
  {
    "id": 1,
    "text": "Melyik paranccsal ellenőrzöd a módosítások állapotát a lokális repóban?",
    "optionA": "git status",
    "optionB": "git state",
    "optionC": "git check",
    "optionD": "git info",
    "correct": "git status"
  },
  {
    "id": 2,
    "text": "Melyik parancs hoz létre új commitot a staged változásokból?",
    "optionA": "git commit -m \"üzenet\"",
    "optionB": "git push",
    "optionC": "git add .",
    "optionD": "git merge",
    "correct": "git commit -m \"üzenet\""
  },
  {
    "id": 3,
    "text": "Melyik parancs tölti fel a commitokat a távoli repóba?",
    "optionA": "git push",
    "optionB": "git pull",
    "optionC": "git fetch",
    "optionD": "git clone",
    "correct": "git push"
  },
  {
    "id": 4,
    "text": "Melyik parancs tölti le és egyesíti a távoli változásokat a lokális branchbe?",
    "optionA": "git pull",
    "optionB": "git push",
    "optionC": "git fetch",
    "optionD": "git merge origin",
    "correct": "git pull"
  },
  {
    "id": 5,
    "text": "Melyik parancs hoz létre új branch-et?",
    "optionA": "git checkout -b feature",
    "optionB": "git branch -d feature",
    "optionC": "git new branch feature",
    "optionD": "git merge feature",
    "correct": "git checkout -b feature"
  },
  {
    "id": 6,
    "text": "Mi a README.md fő célja?",
    "optionA": "Projekt áttekintés és használati útmutató",
    "optionB": "Tesztfájlok tárolása",
    "optionC": "Kód futtatása",
    "optionD": "Build script",
    "correct": "Projekt áttekintés és használati útmutató"
  },
  {
    "id": 7,
    "text": "Mire szolgál a .gitignore fájl?",
    "optionA": "Fájlok és mappák kizárása a verziókövetésből",
    "optionB": "Licenc információk tárolása",
    "optionC": "Felhasználói beállítások megadása",
    "optionD": "Git verzió frissítése",
    "correct": "Fájlok és mappák kizárása a verziókövetésből"
  },
  {
    "id": 8,
    "text": "Mi a különbség az Issue és a Pull Request között GitHub-on?",
    "optionA": "Issue feladat/bug nyilvántartás, PR kódváltozás beküldése",
    "optionB": "Mindkettő azonos funkció",
    "optionC": "Issue kódot egyesít, PR hibát jelent",
    "optionD": "Issue privát, PR publikus",
    "correct": "Issue feladat/bug nyilvántartás, PR kódváltozás beküldése"
  },
  {
    "id": 9,
    "text": "Melyik parancs hozza létre a lokális repót meglévő mappából?",
    "optionA": "git init",
    "optionB": "git clone",
    "optionC": "git create",
    "optionD": "git start",
    "correct": "git init"
  },
  {
    "id": 10,
    "text": "Melyik parancs klónozza a távoli repót új mappába?",
    "optionA": "git clone <url>",
    "optionB": "git pull <url>",
    "optionC": "git fetch <url>",
    "optionD": "git copy <url>",
    "correct": "git clone <url>"
  }
]
