[
  {
    "id": 1,
    "text": "Melyik kulcsszóval hozunk létre függvényt Pythonban?",
    "optionA": "def",
    "optionB": "function",
    "optionC": "lambda",
    "optionD": "fn",
    "correct": "def"
  },
  {
    "id": 2,
    "text": "Mi az eredménye: len(\"hello\")?",
    "optionA": "5",
    "optionB": "4",
    "optionC": "6",
    "optionD": "0",
    "correct": "5"
  },
  {
    "id": 3,
    "text": "Melyik állítás igaz a listára?",
    "optionA": "Változtatható (mutable) típus",
    "optionB": "Nem változtatható (immutable) típus",
    "optionC": "Csak számokat tartalmazhat",
    "optionD": "Csak fix mérete lehet",
    "correct": "Változtatható (mutable) típus"
  },
  {
    "id": 4,
    "text": "Melyik operátor az összehasonlítás?",
    "optionA": "==",
    "optionB": "=",
    "optionC": "=>",
    "optionD": "<>",
    "correct": "=="
  },
  {
    "id": 5,
    "text": "Hogyan hivatkozunk szótár (dict) kulcsra?",
    "optionA": "d[\"kulcs\"]",
    "optionB": "d.kulcs",
    "optionC": "d:get(kulcs)",
    "optionD": "d{kukcs}",
    "correct": "d[\"kulcs\"]"
  },
  {
    "id": 6,
    "text": "Mi az eredménye: [x*x for x in range(3)]?",
    "optionA": "[0, 1, 4]",
    "optionB": "[1, 4, 9]",
    "optionC": "[0, 1, 2]",
    "optionD": "[0, 1, 2, 3]",
    "correct": "[0, 1, 4]"
  },
  {
    "id": 7,
    "text": "Melyik igaz a stringekre Pythonban?",
    "optionA": "Immutable (nem módosíthatóak)",
    "optionB": "Mutable (módosíthatóak)",
    "optionC": "Csak ASCII karaktereket tartalmazhatnak",
    "optionD": "Nem iterálhatóak",
    "correct": "Immutable (nem módosíthatóak)"
  },
  {
    "id": 8,
    "text": "Hogyan kezelünk kivételeket?",
    "optionA": "try/except",
    "optionB": "catch/throw",
    "optionC": "begin/rescue",
    "optionD": "error/handle",
    "correct": "try/except"
  },
  {
    "id": 9,
    "text": "Mi a None jelentése?",
    "optionA": "Nincs érték / üres referencia",
    "optionB": "Nullás karakter",
    "optionC": "0 egész szám",
    "optionD": "Hamis logikai érték garantáltan",
    "correct": "Nincs érték / üres referencia"
  },
  {
    "id": 10,
    "text": "Mi lesz a kimenet: print(True and False)?",
    "optionA": "False",
    "optionB": "True",
    "optionC": "0",
    "optionD": "Hiba",
    "correct": "False"
  }
]
