[
  {
    "id": 1,
    "text": "Melyik függvény fut le egyszer a program indulásakor Arduino-ban?",
    "optionA": "setup()",
    "optionB": "loop()",
    "optionC": "begin()",
    "optionD": "start()",
    "correct": "setup()"
  },
  {
    "id": 2,
    "text": "Melyik parancs állítja be a pin módját bemenetre?",
    "optionA": "pinMode(pin, INPUT)",
    "optionB": "digitalRead(pin)",
    "optionC": "pinMode(pin, OUTPUT)",
    "optionD": "digitalWrite(pin, LOW)",
    "correct": "pinMode(pin, INPUT)"
  },
  {
    "id": 3,
    "text": "Az analogRead() visszatérési tartománya alapértelmezett 10 bites ADC esetén?",
    "optionA": "0–255",
    "optionB": "0–1023",
    "optionC": "1–1024",
    "optionD": "-1023–1023",
    "correct": "0–1023"
  },
  {
    "id": 4,
    "text": "Mit jelent az INPUT_PULLUP mód?",
    "optionA": "Belső felhúzó ellenállással bemenet",
    "optionB": "Külső felhúzó ellenállás kötelező",
    "optionC": "Kimenet magas szintre állítva",
    "optionD": "Analóg bemenet aktiválása",
    "correct": "Belső felhúzó ellenállással bemenet"
  },
  {
    "id": 5,
    "text": "Az analogWrite() értéktartománya tipikus PWM esetén?",
    "optionA": "0–1023",
    "optionB": "1–100",
    "optionC": "0–255",
    "optionD": "-255–255",
    "correct": "0–255"
  },
  {
    "id": 6,
    "text": "Melyik függvény ír szöveget a soros porton?",
    "optionA": "Serial.print()",
    "optionB": "Serial.begin()",
    "optionC": "Serial.read()",
    "optionD": "Serial.available()",
    "correct": "Serial.print()"
  },
  {
    "id": 7,
    "text": "Melyik függvény állítja be a soros kommunikáció sebességét?",
    "optionA": "Serial.begin(9600)",
    "optionB": "Serial.speed(9600)",
    "optionC": "Serial.rate(9600)",
    "optionD": "Serial.config(9600)",
    "correct": "Serial.begin(9600)"
  },
  {
    "id": 8,
    "text": "Mire jó a millis() függvény?",
    "optionA": "A program futása óta eltelt millisekundumot adja vissza",
    "optionB": "Véletlenszámot generál",
    "optionC": "Megállítja a programot helyben",
    "optionD": "A mikrokontroller hőmérsékletét adja",
    "correct": "A program futása óta eltelt millisekundumot adja vissza"
  },
  {
    "id": 9,
    "text": "Mit csinál a delay(1000)?",
    "optionA": "1 másodpercet várakozik",
    "optionB": "1 másodpercig futtatja gyorsabban a kódot",
    "optionC": "A soros portot állítja be",
    "optionD": "Egy PWM jelet hoz létre",
    "correct": "1 másodpercet várakozik"
  },
  {
    "id": 10,
    "text": "A millis() túlcsordulása nagyjából mennyi idő után történik (32 bites unsigned)?",
    "optionA": "Kb. 49 nap",
    "optionB": "Kb. 24 óra",
    "optionC": "Kb. 1 év",
    "optionD": "Nem történik túlcsordulás",
    "correct": "Kb. 49 nap"
  }
]
